{
  "phase1_dir_inferred": "/home/mmd/Sadegh/RT/results/20251213_231316",
  "test_source": {
    "type": "loaded_csv",
    "path": "/home/mmd/Sadegh/RT/results/20251213_231316/test_tasks.csv"
  },
  "label_dataset": {
    "X_shape": [
      7200,
      10
    ],
    "y_counts": {
      "0": 4171,
      "1": 3029
    }
  },
  "classifier": {
    "standardize": true,
    "mean0_norm": [
      0.05189387872815132,
      -0.2902977168560028,
      -0.2870210111141205,
      -0.33501243591308594,
      -0.09886722266674042,
      -0.0905483290553093,
      0.06281200051307678,
      0.02078583650290966,
      0.02117880806326866,
      -0.12091413140296936
    ],
    "mean1_norm": [
      -0.07144983112812042,
      0.399750292301178,
      0.3952530026435852,
      0.46132320165634155,
      0.13610082864761353,
      0.12469737976789474,
      -0.08649477362632751,
      -0.028597336262464523,
      -0.029164928942918777,
      0.16650916635990143
    ]
  },
  "methods": {
    "ddqn": {
      "total_reward": -97.45599999999948,
      "steps": 160,
      "metrics": {
        "big": {
          "completed": 82,
          "met": 70,
          "qos": 0.8536585365853658,
          "energy": 1926.4999999999693
        },
        "little": {
          "completed": 78,
          "met": 44,
          "qos": 0.5641025641025641,
          "energy": 1059.9000000000174
        }
      }
    },
    "dist_mean": {
      "total_reward": -178.2159999999997,
      "steps": 160,
      "metrics": {
        "big": {
          "completed": 92,
          "met": 75,
          "qos": 0.8152173913043478,
          "energy": 1672.0999999999674
        },
        "little": {
          "completed": 68,
          "met": 11,
          "qos": 0.16176470588235295,
          "energy": 1233.3000000000238
        }
      }
    },
    "random": {
      "total_reward": -230.68800000000016,
      "steps": 160,
      "metrics": {
        "big": {
          "completed": 73,
          "met": 54,
          "qos": 0.7397260273972602,
          "energy": 1743.1999999999844
        },
        "little": {
          "completed": 87,
          "met": 14,
          "qos": 0.16091954022988506,
          "energy": 1124.0000000000198
        }
      }
    }
  },
  "config_used": {
    "seed": 0,
    "train": {
      "episodes": 360,
      "n_tasks": 120,
      "horizon": 600,
      "seed": 0,
      "taskgen": {
        "interarrival_mean": 5.0,
        "base_exec_min": 2,
        "base_exec_max": 20,
        "big_speedup": 1.7,
        "little_slowdown": 1.0,
        "deadline_slack_min": 1.5,
        "deadline_slack_max": 4.0
      },
      "lr": 0.001,
      "gamma": 0.9,
      "batch_size": 128,
      "buffer_capacity": 200000,
      "target_update": 500,
      "epsilon_start": 1.0,
      "epsilon_end": 0.05,
      "epsilon_decay_steps": 80000,
      "warmup_steps": 5000,
      "max_steps_per_episode": 2000,
      "meet_bonus": 1.0,
      "miss_penalty": 2.0,
      "energy_weight": 0.04
    },
    "test": {
      "n_tasks": 160,
      "horizon": 600,
      "seed": 0,
      "taskgen": {
        "interarrival_mean": 5.0,
        "base_exec_min": 2,
        "base_exec_max": 20,
        "big_speedup": 1.7,
        "little_slowdown": 1.0,
        "deadline_slack_min": 1.5,
        "deadline_slack_max": 4.0
      }
    }
  },
  "kwargs_used": {
    "train_taskgen": {
      "interarrival_mean": 5.0,
      "base_exec_range": [
        2,
        20
      ],
      "big_speedup": 1.7,
      "little_slowdown": 1.0,
      "deadline_slack_range": [
        1.5,
        4.0
      ]
    },
    "test_taskgen": {
      "interarrival_mean": 5.0,
      "base_exec_range": [
        2,
        20
      ],
      "big_speedup": 1.7,
      "little_slowdown": 1.0,
      "deadline_slack_range": [
        1.5,
        4.0
      ]
    },
    "train_power": {},
    "test_power": {},
    "reward": {
      "meet_bonus": 1.0,
      "miss_penalty": 2.0,
      "energy_weight": 0.04
    }
  }
}